Category,Element,Residential Count,Business Count,Mixed Count,Residential Energy Consumption (kWh),Business Energy Consumption (kWh),No Controlled Load Count,Tariff 9000 Count,Tariff 9100 Count,Tariff 9000 and 9100 Count,Unit Count,Solar PV Count,Solar PV Installed Capacity,Count of Pools,Property Age <1980,Property Age 1980 to 1989,Property Age 1990 to 1999,Property Age >2000,Residential Quintile - Lowest,Residential Quintile - Low,Residential Quintile - Medium,Residential Quintile - High,Residential Quintile - Highest,Business Quintile - Lowest,Business Quintile - Low,Business Quintile - Medium,Business Quintile - High,Business Quintile - Highest
Council,Brisbane City,474121,42419,275,2533998075,6684011521,246354,42435,160963,2418,171257,117037,531927.863,69999,211141,44559,93294,167787,113254,99120,92568,87271,82183,6841,7239,8291,9700,10623
Council,Gold Coast City,240858,24891,169,1464900099,2218019233,143455,28703,56565,2867,111558,65360,309108.413,53466,45179,51830,65156,103728,41148,47543,48608,49288,54440,4990,5675,5274,4626,4495
Council,Gympie Regional,20502,2825,105,105698416.1,240867434.8,7997,4384,7339,172,2485,7597,34829.86,2211,6617,3795,4738,8280,4849,4325,4193,3947,3293,825,639,577,492,397
Council,Ipswich City,83308,4976,83,476122897.2,897179313.7,45687,8641,24701,332,12389,26415,115138.23,7276,24293,9532,12062,42475,14776,15756,17155,18038,17666,1036,969,897,936,1221
Council,Lockyer Valley Regional,15371,2809,225,98874214.33,151294296.4,6592,2438,6025,60,1032,6658,35418.15,1298,4656,2842,4278,6629,2356,2632,3035,3503,4070,819,473,458,673,611
Council,Logan City,118315,9569,94,719885563.8,671299067.2,52686,14821,43100,747,24798,42045,184877.583,22904,28220,28150,28218,43381,18467,20648,23799,26663,28832,1825,1904,2175,1973,1786
Council,Moreton Bay Regional,171221,13093,161,976075013,881880637.8,81556,22357,52556,1552,36204,63632,283864.43,30294,36005,26480,39102,82876,30930,34066,35065,36185,35136,2968,2835,2741,2403,2307
Council,None or Unknown,4251,429,3,22764342.44,37512281.28,1413,568,2031,41,1141,1458,5713.3,641,1714,1229,699,1041,792,950,930,853,729,118,78,78,60,98
Council,Noosa Shire,29428,3081,61,170086176.1,129237814.6,13148,5786,8271,872,10230,9217,42203.29,7675,4300,7529,11009,9731,5677,6080,6091,5833,5808,696,819,684,508,435
Council,Redland City,63963,4157,50,371184376.2,321411913.8,24655,11324,23231,895,12432,24111,98078.214,14826,10166,14881,18011,25103,11583,12175,12652,13405,14198,845,887,914,817,744
Council,Scenic Rim Regional,17154,3435,181,106770644.9,146268068,7584,3294,5904,128,1828,6731,30863.756,1580,5843,3858,4047,7020,3098,3019,3358,3721,4139,1057,662,607,653,637
Council,Somerset Regional,10292,1864,145,62812775.03,119198389.1,5157,1390,3613,27,470,4551,24948.49,746,3216,2229,2505,4350,1994,1753,2005,2162,2523,598,382,306,416,307
Council,Sunshine Coast Regional,137488,14109,329,749421222.9,798777803.2,62270,24416,40575,2726,44865,48276,221219.934,25929,24305,26047,37774,63781,28708,29563,28173,26758,24615,3288,3345,2906,2651,2248
Postcode,4000,6442,2275,5,29938733.65,902368306.8,5896,83,460,0,6370,197,1763.97,148,1658,678,1519,4866,2735,1739,961,606,406,361,306,350,435,828
Postcode,4005,9124,699,3,41670640.86,36325652.31,7346,186,1541,2,7344,503,2578.74,443,3165,985,2271,3404,3692,2223,1319,895,998,97,137,155,174,139
Postcode,4006,5688,2572,6,26096281.74,458239343.6,4943,102,656,0,5851,258,3040.13,125,1512,497,1606,4651,2436,1412,878,546,422,380,338,489,656,715
Postcode,4007,6983,577,4,40191486.91,54717425.26,5094,206,1536,12,4519,653,4102.11,1057,2703,605,1161,3095,2337,1411,1038,861,1340,89,116,107,106,163
Postcode,4008,154,340,0,785821.8376,243230422.4,67,9,76,0,139,46,747.81,11,155,26,23,290,40,36,30,27,21,62,35,46,67,130
Postcode,4009,9,574,0,120033.0915,261254396.3,9,0,6,0,304,33,881.75,0,94,68,147,274,5,0,0,0,4,59,61,93,168,193
Postcode,4010,1563,499,4,5918013.031,26315737.77,1230,24,300,1,1211,142,772.27,67,788,215,270,793,740,321,236,143,127,67,96,132,124,84
Postcode,4011,7772,608,9,40288884.83,24863870.12,5092,257,2230,9,4056,1049,5113.53,1153,4354,733,1136,2166,2419,1570,1271,1122,1399,87,96,140,159,135
Postcode,4012,10916,521,7,46735515.65,39596874.51,7004,351,3056,20,5325,1629,6649.05,844,5449,667,1424,3903,3600,2632,1991,1599,1101,102,117,107,100,102
Postcode,4013,2343,494,4,10541105.61,36779745.93,1422,74,753,2,1209,432,2992.72,196,1259,196,430,955,750,524,436,378,259,119,105,89,109,76
Postcode,4014,4954,1088,2,26878517.47,125575351.7,2039,452,1892,19,902,1652,7913.57,552,2845,364,577,2258,874,973,1132,1152,825,154,152,221,265,298
Postcode,4017,14712,776,11,73342188.32,40571537.2,6989,1410,5043,79,2090,4932,19118.22,2335,8853,1019,2179,3447,3358,3256,3102,2866,2141,168,190,157,154,118
Postcode,4018,5222,100,1,22988277.43,13885608.59,3232,646,975,12,1839,1499,6557.52,241,258,20,2185,2860,1620,1381,1078,726,418,21,14,7,16,43
Postcode,4019,9779,1098,6,46139856.66,34539854.69,3510,889,4937,26,3336,2267,9739.02,887,5874,1632,1017,2359,2473,2364,2068,1678,1202,272,308,237,160,127
Postcode,4020,11552,796,9,55915344.39,51123181.97,5628,1111,4479,73,4235,2772,11737.12,1562,4638,1824,1408,4486,3208,2771,2129,1861,1592,190,194,155,133,133
Postcode,4021,3974,386,2,20825426.12,31543973.52,1290,524,1941,34,1087,1326,5072.36,580,1626,1210,625,901,742,910,883,801,640,110,71,74,50,83
Postcode,4022,2641,162,0,14204876.41,23260030.17,1066,387,888,24,708,919,3909.26,346,57,330,820,1596,479,561,548,598,455,35,30,16,33,48
Postcode,4030,8202,562,5,37305088.05,32463730.51,5691,177,2140,7,4346,1065,5041.63,685,4243,832,1003,2691,2964,1843,1415,1029,956,92,105,115,136,119
Postcode,4031,6466,330,6,28912759.66,62652106.54,4062,200,1928,9,2727,1077,5121.655,564,3770,421,838,1773,2057,1499,1189,961,766,69,49,64,79,75
Postcode,4032,7629,470,4,33392772.27,128424085.1,3938,496,2743,21,3719,1100,5419.01,645,3756,365,1058,2923,2517,1828,1432,1116,740,78,86,88,95,127
Postcode,4034,18729,1590,9,98154948.91,145716488.1,7315,2212,7395,108,5599,5118,21392.61,2783,9188,1587,4200,5350,3758,4117,4159,3727,2977,239,323,332,359,346
Postcode,4035,9616,299,3,63969605.95,20486372.38,3100,1834,2997,231,1357,4081,17606.47,3156,1522,1143,3860,3393,1246,1469,1824,2238,2842,42,50,68,70,72
Postcode,4036,2478,112,1,14391310.82,27345315.76,719,297,1078,14,48,993,4082.61,391,1309,222,569,491,319,479,618,623,440,17,16,17,19,44
Postcode,4037,2542,56,0,19463490.93,1908449.078,689,574,728,70,24,1281,5599.245,1018,132,331,1053,1082,131,262,439,660,1050,13,8,11,16,8
Postcode,4051,12531,805,6,60271331.57,73234460.02,7632,652,3842,11,5131,2249,10549.62,1353,6737,742,1920,3943,3529,2840,2389,2048,1731,141,151,190,192,137
Postcode,4053,19245,1282,10,99199470.55,81418059.54,9208,1761,7146,100,4960,4598,18894.142,2991,10925,1718,2377,5516,4298,4131,4060,3737,3029,262,244,273,273,240
Postcode,4054,5616,315,1,29208995.67,22544150.3,2295,862,2128,44,883,1685,6281.33,890,3263,555,1352,762,1030,1285,1238,1198,866,59,73,70,54,60
Postcode,4055,7724,228,2,48817215.7,12813227.5,2891,1205,2722,108,591,3108,12838.029,1879,2962,801,1780,2409,803,1274,1609,2032,2008,47,33,55,46,49
Postcode,4059,4928,415,5,21917998.14,53867197.45,3421,171,1222,5,2241,683,3459.08,360,2753,451,666,1478,1679,1131,858,702,563,53,80,104,96,87
Postcode,4060,5199,354,2,29790671.42,17886292.35,3148,244,1607,21,1382,1205,5518.38,1037,3518,374,586,1077,1105,1018,957,956,1165,48,71,82,84,71
Postcode,4061,6187,173,2,41041989.44,11916339.81,1465,1019,3212,59,476,2190,9045.425,1984,3742,597,1206,817,605,930,1211,1624,1819,29,32,34,34,46
Postcode,4064,5657,1088,4,27364344.33,95387207.64,4100,181,1289,6,3008,753,4741.21,553,2952,608,1148,2039,1942,1225,926,764,804,127,167,236,290,272
Postcode,4065,3694,155,2,22808863.37,4347384.767,2015,245,1251,19,679,910,4105.48,765,2369,222,500,760,680,624,687,754,951,36,38,29,25,29
Postcode,4066,8270,611,4,38341760.17,98038962.75,6219,246,1684,9,5216,820,4297.94,586,4455,706,1524,2199,2893,2071,1402,996,912,137,120,95,114,149
Postcode,4067,4593,168,2,22198308.52,117447232.6,3153,210,1155,10,2877,459,4689.55,425,2224,649,743,1147,1560,1042,712,661,620,42,30,21,39,38
Postcode,4068,10800,593,3,56585300.16,77780339.55,6608,631,3251,40,5577,1566,7806.78,1547,4745,1395,2187,3069,3077,2354,2004,1589,1779,112,114,111,124,135
Postcode,4069,12364,431,6,101543532.1,36326720.86,3414,1902,5915,230,856,4472,21153.11,5949,6107,1523,2584,2587,925,1380,1950,2883,5232,66,81,88,99,103
Postcode,4070,4184,76,3,29956593.72,6101196.914,1733,742,1433,67,179,1863,7954.63,1354,879,367,798,2219,357,597,746,1062,1425,17,13,9,22,18
Postcode,4073,3227,405,0,22135686.75,16956915.38,728,937,1171,51,621,1438,6467.96,892,304,437,1459,1431,305,470,641,795,1016,82,82,88,89,64
Postcode,4074,8861,859,2,57773694.39,57560060.66,2005,1554,4578,101,1139,3717,15620.96,3324,3973,2298,2084,1366,793,1380,1966,2310,2414,158,188,197,171,147
Postcode,4075,10086,741,6,53586417.4,115175017,5291,692,3611,23,3066,2450,11065.95,1417,5254,433,1211,3934,2205,2164,1986,1962,1775,147,147,135,162,156
Postcode,4076,1842,986,7,10327742.58,227205164.2,517,134,1106,4,678,653,7071.96,76,1232,241,376,985,305,408,440,378,318,122,114,163,234,360
Postcode,4077,11580,647,7,57084550.43,102341163.6,5459,801,4773,12,3047,3250,13631.32,488,5174,886,1519,4654,2615,2657,2561,2250,1504,93,110,118,122,211
Postcode,4078,9042,181,3,55467565.48,22793905.89,3196,2107,2866,80,567,3494,13052.34,1399,546,155,4919,3606,1120,1623,1969,2198,2135,37,28,18,48,53
Postcode,4101,10105,1588,10,42016321.87,357885586.7,8299,150,1607,0,7802,917,4590.9,372,3981,1115,1384,5221,4304,2498,1522,1030,761,178,202,327,413,478
Postcode,4102,3324,933,1,14613482.54,189299245.8,2406,58,803,4,2079,446,2445.85,107,1927,451,525,1354,1326,785,553,404,257,150,150,193,221,220
Postcode,4103,6934,392,2,27940883.42,20247635.84,4675,172,1915,4,3629,1005,4008.165,411,3693,633,1050,1951,2563,1690,1251,871,561,78,75,84,77,80
Postcode,4104,3156,168,1,15716462.54,11086206.45,2067,136,839,9,1660,471,2258.13,419,1351,244,481,1249,1039,660,513,474,471,25,28,32,43,41
Postcode,4105,6154,701,6,27481933.18,61881930.77,3356,254,2308,11,2581,1177,5242.46,544,3809,465,841,1746,1887,1410,1252,971,640,130,148,148,154,127
Postcode,4106,727,749,2,3609841.396,101626145.2,316,60,350,1,405,242,2971.01,25,674,192,209,403,172,159,150,135,113,95,122,146,197,191
Postcode,4107,2598,531,0,13937408.53,46237893.14,783,209,1385,3,544,803,4236.535,234,1997,99,250,783,417,569,623,544,445,67,107,87,123,147
Postcode,4108,2299,1304,4,12247817.13,96499896.76,784,261,1144,9,1115,774,4556.51,151,1455,311,835,1006,512,462,479,459,391,192,278,293,297,248
Postcode,4109,13249,658,6,77985604.24,80611208.4,3759,1796,6928,93,2436,5356,20086.96,3240,6646,2546,2427,2294,1914,2475,2881,3154,2831,93,95,134,158,184
Postcode,4110,5179,1340,14,26134206.11,210879209.6,2789,270,1907,2,1060,1836,14451.075,288,2385,403,478,3267,1266,1103,1079,957,788,183,215,215,326,415
Postcode,4111,371,15,0,1809678.864,27532142.83,112,22,219,4,102,103,401.2,59,295,52,13,26,88,85,75,69,54,1,0,0,4,10
Postcode,4112,2669,52,0,17262396.62,1204963.99,757,763,919,25,375,1248,4794.39,422,236,13,1035,1437,239,431,583,704,712,9,9,17,9,8
Postcode,4113,10315,533,3,57570634.2,75048151.37,3615,1805,4192,91,3348,3624,14852.85,1615,1951,1617,3775,3507,1406,2216,2479,2483,1734,74,51,80,137,194
Postcode,4114,11355,948,2,56367066.8,58971287.61,5283,740,4845,8,4175,2226,9008.5,1052,6799,2752,1480,1273,2773,2520,2333,2066,1665,200,192,189,197,172
Postcode,4115,6562,146,1,41341501.01,32959924.61,1649,1493,2792,121,922,2975,11702.89,1784,1331,1001,1572,2805,645,1158,1460,1704,1596,34,22,13,32,46
Postcode,4116,8543,223,2,50166063.01,25002067.39,3390,1759,2710,108,1942,3843,15184.76,1460,77,715,3220,4756,1142,1651,1953,2045,1754,37,27,32,58,71
Postcode,4117,600,115,1,3786456.546,17171376.04,508,12,63,3,114,265,3686.16,32,22,11,78,605,56,78,163,172,132,19,12,30,15,40
Postcode,4118,10749,835,3,68537279.93,63680151.47,2831,1870,4893,94,1450,4484,18406.48,2614,915,3773,3784,3114,1074,1792,2433,2716,2737,140,154,214,164,166
Postcode,4119,2366,873,3,13741490.15,40742419.95,1040,389,826,8,1016,1048,5539.54,292,922,294,416,1610,324,463,530,581,471,161,197,220,177,121
Postcode,4120,4839,597,1,20487360.32,46112780.8,3081,128,1514,3,3071,524,2390.71,230,2470,643,841,1481,1707,1216,865,631,421,114,124,165,110,85
Postcode,4121,10202,391,3,55071453.99,15462167.2,4747,685,4267,31,1710,2523,10500.455,1592,7454,535,764,1841,2099,1979,2145,2187,1795,78,103,74,73,66
Postcode,4122,17591,1242,4,93494951.85,137517136.7,6644,1887,8088,111,5154,4621,18768.48,2682,10057,1360,2924,4494,3568,3615,3846,3625,2941,195,220,276,292,263
Postcode,4123,7908,253,7,45725574.78,26797507.78,3356,788,3339,46,756,3102,14009.85,1847,3657,1706,475,2330,1308,1459,1659,1834,1655,58,41,60,44,57
Postcode,4124,7336,191,11,50562182.09,11040522.47,3417,949,2427,47,476,3533,15852.665,1616,680,1452,2052,3353,945,946,1337,1732,2387,46,37,34,39,46
Postcode,4125,3365,198,5,21804774.87,14166702.56,1962,531,696,38,489,1265,5998.1,859,338,473,1035,1721,740,466,511,612,1041,52,31,41,33,46
Postcode,4127,10172,1825,4,59600899.81,79104578.16,3662,1099,4842,61,3290,3267,15044.57,2792,5764,3024,1748,1464,1567,2024,2121,2222,2242,336,400,431,387,275
Postcode,4128,6119,316,1,41383833.87,33641797.05,1830,1234,2499,87,1046,2505,10078.49,2265,1346,1461,2404,1225,575,883,1219,1560,1883,53,59,87,65,53
Postcode,4129,2442,749,3,15313454.07,38513258.82,1039,360,886,19,645,945,4867.36,613,578,858,509,1249,318,399,488,577,663,104,138,198,199,113
Postcode,4130,3061,89,5,24096029.6,9958069.717,1106,692,1035,63,312,1393,6144.7,1134,400,655,1207,893,244,369,521,726,1206,11,19,19,16,29
Postcode,4131,4185,527,2,23607889.18,58044507.04,2101,441,1320,20,1549,1106,4590.23,413,758,577,1133,2246,753,788,896,944,806,78,89,123,120,119
Postcode,4132,8664,333,1,52861451.42,60002462.82,3357,845,3671,12,1278,2753,11054.86,1055,1339,2356,1891,3412,1100,1469,1860,2156,2080,43,37,46,71,137
Postcode,4133,7221,269,6,41804573.25,20437353.57,4427,647,1835,29,1620,2307,9535.87,805,808,775,1668,4245,1358,1375,1428,1481,1585,71,46,46,52,60
Postcode,4151,8536,576,4,40455457.6,29664204.46,5250,238,2798,8,4838,1089,5329.93,829,4511,851,1347,2407,2668,2037,1512,1151,1172,85,96,114,174,111
Postcode,4152,18766,581,6,110874603.8,73144863.57,7756,2256,7543,155,5448,5031,20829.74,3533,6867,2382,4176,5928,3078,3518,3926,4057,4193,120,97,117,113,140
Postcode,4153,1612,36,3,11275393.73,941104.5674,482,315,692,20,178,631,2724.23,458,435,265,508,443,152,248,339,396,480,10,5,10,7,7
Postcode,4154,3674,132,0,26979465.16,9279907.689,2220,443,813,32,528,1589,7167.96,902,300,101,266,3139,315,507,716,885,1251,20,23,18,34,37
Postcode,4155,521,96,5,5901151.894,9192371.489,256,76,173,4,33,245,1680.382,262,301,68,115,138,52,35,66,68,305,22,17,23,20,19
Postcode,4156,1112,40,3,9184312.019,2112229.383,491,214,291,34,111,544,2613.66,446,245,96,410,404,95,122,195,263,440,9,7,3,10,14
Postcode,4157,7557,1438,9,47219856.08,77916770.78,2010,1202,3607,105,2529,2967,12887.72,2078,1864,2808,2513,1817,1077,1330,1550,1721,1888,242,339,361,304,201
Postcode,4158,1626,87,1,8249315.555,3483976.338,831,145,568,6,624,445,1614.73,210,402,381,572,359,302,423,363,303,236,28,20,17,12,11
Postcode,4159,5501,188,2,33218012.5,10900238.3,1627,1221,2160,112,890,2349,9313.89,1586,1207,1149,1756,1579,786,1026,1110,1270,1311,40,27,42,36,45
Postcode,4160,7363,345,1,45775781.54,17744620.16,2617,1501,2628,165,1491,2971,11601.16,2192,1046,1060,2629,2971,1076,1300,1392,1722,1874,70,62,78,65,71
Postcode,4161,6264,94,0,37583203.04,12282222.53,1319,1223,3087,85,542,2542,10172.26,1838,1404,2933,1524,497,790,1078,1390,1593,1413,16,12,16,20,30
Postcode,4163,7360,919,4,40408126.58,53434411.11,2507,1313,3124,100,3371,1980,8985.51,1667,1188,2036,2460,2599,1728,1519,1400,1274,1443,179,218,200,180,146
Postcode,4164,6310,132,10,41933577.46,10196103.92,3360,990,1518,94,608,2533,11062.554,1705,625,980,824,4022,830,1032,1160,1426,1872,35,22,25,32,28
Postcode,4165,14554,549,17,89838570.42,63121981.26,6221,2821,4329,218,1693,6149,24713.96,3387,1398,2019,3834,7869,1964,2651,2966,3323,3667,114,106,105,100,141
Postcode,4169,6546,619,3,32583719.98,71385062.17,4668,255,1552,3,4638,483,2672.22,334,2549,630,1615,2373,2190,1599,1181,848,731,108,91,109,152,162
Postcode,4170,11470,954,7,60085628.47,108773093.1,6776,508,3754,14,4886,2008,9686.12,1172,5017,470,1679,5263,2711,2494,2267,2099,1906,185,156,194,187,239
Postcode,4171,7453,493,3,43257505.77,19792161.44,5222,218,1799,13,3351,1320,6755.4,1343,2816,387,1246,3499,1892,1448,1289,1196,1631,73,91,109,124,99
Postcode,4172,1913,715,0,10616277.97,361611470.5,909,188,681,8,934,509,3000.58,204,747,79,204,1598,335,380,422,411,365,83,87,127,210,208
Postcode,4173,3271,497,0,16951381.14,49063471.4,1581,472,1065,18,980,1153,5208.84,483,964,450,1512,841,600,785,723,663,500,64,106,96,126,105
Postcode,4174,1028,338,6,5900468.643,66724772.28,322,177,474,3,252,379,2239.94,110,339,68,352,613,137,212,217,277,191,63,51,59,69,102
Postcode,4178,11135,1066,6,54526846.11,401146149.9,5024,1040,4614,39,3233,3004,12448.37,1360,5370,1007,1906,3924,2769,2450,2248,2154,1520,196,202,187,203,284
Postcode,4179,7906,296,2,42330862.84,21203440.21,3685,740,3116,60,1638,2493,10133.49,1506,3803,546,1429,2426,1619,1672,1651,1588,1378,52,49,60,61,76
Postcode,4183,2008,213,5,8206940.177,68384476.02,972,228,783,4,586,406,1630.37,31,755,439,575,457,687,519,408,243,156,52,44,34,37,51
Postcode,4184,5424,193,1,18768822.04,4059311.868,3194,680,1428,6,98,1773,6107.86,132,277,1077,1324,2937,2343,1299,914,531,338,69,37,36,31,21
Postcode,4205,2371,148,1,11801277.43,9275831.969,940,246,1040,5,957,905,3652.55,327,263,961,580,716,653,478,423,436,382,39,24,37,22,27
Postcode,4207,24821,2926,39,143931773.1,308087376.3,13516,2905,7060,153,6140,7746,40170.339,3469,3535,5771,5908,12569,4493,4634,5028,5296,5409,546,597,626,581,615
Postcode,4208,7841,765,12,50637270.7,60346543.49,4859,1010,1481,71,1224,3232,15300.82,1459,228,398,1406,6586,920,1220,1617,1970,2126,139,193,159,143,143
Postcode,4209,23952,1162,9,140157509.9,101581410,19139,1336,2337,65,5622,5944,31220.749,2333,266,635,1587,22633,3672,4320,5199,5625,5145,234,236,219,222,260
Postcode,4210,7774,403,9,52684542.61,39996100.32,4098,947,2233,94,1469,3319,15675.21,1895,199,664,2610,4713,832,1224,1551,1874,2302,68,76,95,84,89
Postcode,4211,22793,1992,17,148980169.3,115807939.3,11511,3900,5883,332,7289,8336,37584.21,5810,1802,5985,6639,10376,2725,3826,4652,5413,6194,372,428,459,387,363
Postcode,4212,12684,1063,3,95122378.14,86541710.03,6940,1865,2936,251,3279,4639,22662.849,4938,403,2233,4032,7080,1639,1722,2078,2781,4467,203,229,248,185,201
Postcode,4213,10632,609,17,81897525.94,25263590.33,4448,2146,3156,225,1985,4441,19986.47,3874,899,2799,4614,2945,867,1294,1870,2577,4041,126,145,133,129,93
Postcode,4214,13748,2927,10,91740290.15,107754964.2,5559,2345,4743,307,5118,5256,25117.12,4709,1809,4123,6056,4689,1490,2130,2691,3388,4059,627,705,670,538,397
Postcode,4215,24009,3016,10,115295215.2,288475176.4,16540,1373,5647,53,19120,2841,13624.14,1695,7437,4605,6025,8967,6473,6274,5067,3583,2622,646,729,588,569,494
Postcode,4216,15354,1100,4,91855850.32,118366235.1,8428,1646,4541,177,8325,4218,17399.815,3994,3384,4333,4949,3792,2808,3343,3227,2985,2995,224,289,212,173,206
Postcode,4217,19348,2369,11,119925306,364541665.2,15137,1214,2503,163,14446,2466,12532.4,4104,8269,5101,3814,4541,4430,4374,3605,2991,3959,545,444,453,403,535
Postcode,4218,16514,1105,10,97848938.82,201911250.1,11950,995,3142,149,9401,3034,13899.38,4394,6856,5168,2316,3288,3625,3609,3153,2664,3473,217,231,184,225,258
Postcode,4220,14249,3391,9,75348636.69,123823932.6,8314,1763,3542,192,9615,3433,17956.16,2979,5289,3858,4487,4012,2825,3414,3112,2651,2256,746,893,794,554,413
Postcode,4221,12468,543,6,65565185.01,42212365.3,6817,1950,3093,168,5663,3456,13685.68,2611,3472,3955,2997,2593,2591,2743,2565,2487,2088,90,129,121,101,108
Postcode,4223,6167,782,6,35626864.81,25650679.24,2959,1275,1546,128,2460,2113,9080.3,1423,1219,2455,1835,1446,1076,1321,1277,1256,1243,173,253,167,117,78
Postcode,4224,3370,208,1,16335517.81,22595305.51,2106,405,746,27,1965,590,2511.77,339,1057,874,799,849,796,875,763,549,388,28,61,51,30,39
Postcode,4225,4773,475,9,19806651.91,117305223.2,3725,215,802,1,3934,274,1350.97,180,1678,905,1088,1586,1691,1498,802,456,335,75,136,78,91,104
Postcode,4226,13787,956,1,89741714.46,160109545.3,5316,2673,4722,316,5674,3905,16338.61,4065,103,2294,5975,6371,1548,2455,2943,3267,3575,136,143,202,234,242
Postcode,4227,8451,607,1,51154268.93,36584387.72,4367,1009,2619,66,4135,2369,9889.63,1535,230,493,2826,5507,915,1608,1974,2132,1823,114,106,139,133,116
Postcode,4228,1791,77,4,15060444.81,4395666.853,808,441,417,60,118,862,4151.16,789,190,625,573,484,139,167,262,403,824,21,11,14,19,16
Postcode,4270,1446,64,7,11368444.4,2083351.678,855,242,301,12,29,758,3727.056,357,147,367,465,538,119,177,218,359,580,22,11,13,10,15
Postcode,4272,3482,441,32,20438004.78,10124708.06,1483,848,1073,24,390,1303,5424.92,237,704,1126,997,1127,596,646,750,801,721,131,103,107,84,48
Postcode,4275,1346,203,10,9661512.65,12902691.85,760,225,305,16,77,602,3133,249,217,314,393,635,196,168,241,324,427,62,41,42,35,33
Postcode,4280,6439,437,24,47711704.26,21509190.92,3570,889,1655,56,331,3374,16296.97,1542,576,1211,1571,3542,690,784,1064,1478,2447,113,84,92,95,77
Postcode,4285,8246,1292,50,53759224.02,67844817.67,3799,1355,2824,84,1098,3318,15424.199,1137,2126,1485,1951,4025,1292,1329,1549,1875,2251,367,250,212,254,259
Postcode,4287,344,151,9,2014719.338,3250239.518,169,54,129,0,7,111,628.65,12,247,62,81,114,107,61,47,70,68,55,29,30,24,22
Postcode,4300,23054,1141,2,131038152.9,292328646.5,14569,2272,5110,65,2633,7595,35045.585,2080,3191,2109,2624,16273,3984,4447,4799,5023,4803,216,160,193,214,360
Postcode,4301,11968,339,7,68426538.86,53331692.48,7486,979,2912,30,1983,3290,13239.07,778,1065,1712,1957,7580,1897,2160,2619,2858,2441,60,63,66,56,101
Postcode,4303,1522,126,2,8894670.06,77302869.34,827,118,515,1,104,364,1326.66,67,1186,109,159,196,306,336,321,286,275,18,33,24,22,31
Postcode,4304,7788,532,15,42258247.81,80531099.31,3181,674,3505,16,1645,2077,9063.155,434,4213,1053,858,2211,1466,1609,1712,1594,1422,100,129,88,100,130
Postcode,4305,26566,2112,23,149834342.8,204791221.4,12314,2987,9725,113,5191,7717,31446.86,2246,12677,2342,4289,9390,4794,5194,5440,5637,5524,421,434,410,423,447
Postcode,4306,14398,785,33,92308121.27,196639676.3,8216,2103,3336,171,729,6501,29973.66,2667,1550,3129,2818,7717,2364,2136,2618,3187,4126,229,146,119,144,180
Postcode,4307,591,252,12,4404087.834,6438873.395,232,108,253,1,15,268,1306.47,47,344,139,155,216,82,84,108,139,190,90,40,37,39,58
Postcode,4309,1311,422,30,8263372.468,20752483.16,544,280,481,8,28,518,2305.25,47,635,305,311,512,252,233,256,294,306,126,57,65,83,121
Postcode,4310,2547,487,23,14190476.36,19885212.25,835,534,1125,9,182,1106,4533.36,98,1313,360,424,960,539,516,525,492,498,151,112,77,97,73
Postcode,4311,4030,691,53,27771834.59,39980104.31,1990,502,1501,5,179,1796,8072.97,340,1036,1082,1045,1610,571,615,775,915,1207,224,116,106,166,132
Postcode,4312,1367,220,9,7275968.25,16177380.55,631,167,523,2,63,639,7251.87,77,413,259,434,490,378,258,231,267,242,56,58,39,43,33
Postcode,4313,1152,324,39,6147969.703,5972821.06,488,171,509,7,60,482,2212.69,61,576,289,317,333,328,227,225,200,211,130,72,51,69,41
Postcode,4314,342,138,20,1842781.15,3278579.667,185,41,135,0,2,129,580.96,10,196,75,87,142,120,64,61,60,57,57,29,24,34,14
Postcode,4340,2351,357,25,14117195.36,11039543.18,1061,325,907,5,281,878,3848.74,133,1019,396,481,837,433,443,436,502,562,119,79,62,66,56
Postcode,4341,6174,635,40,38458005.33,27939382.82,3009,941,2040,21,273,2881,12875.88,543,1125,744,1875,3105,918,1095,1256,1379,1566,162,118,117,155,123
Postcode,4342,1026,372,30,7066941.268,11101795.21,369,177,485,3,25,460,2190.12,99,537,258,320,313,168,162,181,233,312,116,43,50,96,97
Postcode,4343,4506,1163,99,27781376.01,72317488.59,1487,739,2227,27,657,1590,11940.89,289,2063,900,980,1825,753,865,894,1003,1090,300,196,196,290,280
Postcode,4344,981,242,24,6512020.549,9012629.523,448,146,377,4,32,410,2180.6,67,350,252,295,350,150,143,201,239,272,93,42,42,45,44
Postcode,4346,443,44,3,2580337.377,1249506.573,210,57,158,3,17,198,979.53,30,194,77,78,141,91,66,90,89,110,11,12,10,4,10
Postcode,4347,525,206,13,3426356.556,25582287.78,247,69,202,2,5,250,1267.08,33,257,106,128,253,101,104,89,110,134,72,31,24,49,43
Postcode,4352,1514,142,15,10410844.14,4879591.136,718,271,469,3,39,711,3289.18,193,260,422,398,591,192,183,295,391,468,43,36,22,33,23
Postcode,4500,15951,2434,10,96274905.08,192063497.5,7406,2246,4692,139,3449,6432,30836.435,3277,4248,2549,3308,8289,2232,2870,3452,3727,3680,487,522,571,496,368
Postcode,4501,2610,492,3,13570032.49,16309475.31,879,341,1215,4,1106,766,3234.93,303,980,835,526,764,485,596,577,547,408,108,129,100,86,72
Postcode,4502,3316,148,1,20034195.77,13643066.8,863,635,1232,51,428,1352,5800.605,823,743,1169,743,810,406,606,715,816,774,30,25,35,28,31
Postcode,4503,18384,573,13,98623100.31,48609473.37,11012,1756,4089,112,4606,5675,23740.84,2322,2781,1590,3517,11080,3710,4105,3852,3639,3091,127,104,114,108,133
Postcode,4504,6694,506,7,43146225.39,49252139.76,3503,1036,1614,89,424,3200,15624.77,1746,306,572,1628,4700,731,1046,1416,1666,1842,79,92,99,108,135
Postcode,4505,8514,452,7,52963862.25,33678319.52,4128,1362,2027,95,1522,3896,17205.68,2071,640,1344,2926,4062,1332,1497,1719,1847,2126,100,73,90,86,110
Postcode,4506,9020,503,7,53254255.89,60762769.7,4373,1152,2593,74,2198,3009,13381.15,1436,342,1449,2848,4891,1419,1704,1879,2000,2025,103,88,92,93,134
Postcode,4507,10159,741,2,44770352.34,33035891.18,4387,1880,3389,182,2999,4334,16423.58,1867,2248,2490,2956,3207,3016,2590,1982,1509,1064,223,185,122,113,100
Postcode,4508,7328,417,9,42411959.79,19151225.98,2139,986,3400,43,1263,2497,10054.36,1147,1575,1528,2121,2530,1048,1447,1690,1696,1456,93,91,98,79,65
Postcode,4509,11891,841,0,66908698.9,89522584.19,9778,700,993,46,2063,4114,19621.389,1551,94,138,339,12160,2208,2423,2435,2514,2311,175,126,185,167,188
Postcode,4510,20741,1815,31,114907579.9,122809046,10478,2187,6285,82,4903,7160,37008.506,2158,2854,3949,5332,10451,4123,4215,4214,4304,3916,415,436,380,314,301
Postcode,4511,3811,158,3,20668640.39,12318194.68,1764,823,1019,59,418,2066,7902.98,754,155,507,1115,2195,691,839,814,796,674,44,29,23,31,34
Postcode,4512,1187,177,11,8616034.55,8703447.505,616,178,299,18,51,640,3235.83,280,207,265,331,572,147,161,202,294,394,43,39,41,25,40
Postcode,4514,2637,313,14,15311952.17,21415936.83,1410,420,729,8,133,1326,6168.28,282,553,534,695,1182,481,489,543,559,579,90,64,66,57,50
Postcode,4515,1747,315,13,10012960.19,43841919.21,819,298,601,7,88,742,3520.29,74,674,326,356,719,319,321,361,385,374,93,72,54,68,41
Postcode,4516,1385,92,13,9900263.215,3472611.083,601,261,386,17,31,855,3956.16,404,124,170,539,657,141,164,285,354,454,34,14,21,14,22
Postcode,4517,302,58,2,1937066.4,2892304.893,148,56,96,0,7,149,698.89,49,85,48,81,148,31,58,66,70,79,12,17,7,12,12
Postcode,4518,1977,169,13,12460986.49,7699302.501,862,415,617,23,76,984,4222.58,402,314,348,716,781,241,394,398,456,501,49,36,31,41,25
Postcode,4519,3530,489,21,19891851.01,23613234.15,1870,584,910,31,643,1550,7320.19,458,461,646,978,1955,636,714,743,752,706,120,121,91,102,76
Postcode,4520,4700,309,9,37527696.83,7737282.042,2361,735,1189,97,202,2423,11679.15,1631,779,920,1400,1919,481,550,707,1004,1967,76,70,63,67,42
Postcode,4521,1869,216,5,11472660.93,3846255.022,1040,260,521,8,47,880,3901.72,245,408,349,449,884,316,320,350,423,465,77,45,39,33,27
Postcode,4550,1800,158,7,10541646.83,8407773.736,742,346,539,27,192,768,3220.16,322,252,518,420,775,272,340,391,412,392,47,41,35,19,23
Postcode,4551,29013,2349,23,143108998.2,117503898.3,13867,4428,8070,480,10400,10061,40455.035,4601,5692,4134,6619,14934,7162,6706,5990,5112,4066,599,595,425,379,374
Postcode,4552,4172,518,30,20992954.86,13850872.61,2060,950,1052,26,708,1880,7360.45,259,867,1016,1299,1537,1107,898,848,730,619,154,133,120,83,58
Postcode,4553,3303,152,7,20061870.25,5601562.442,2002,466,548,48,130,1347,6253.598,543,292,571,609,1990,709,504,540,639,918,42,37,26,31,23
Postcode,4554,679,40,7,4633424.853,496409.8267,333,126,167,9,14,289,1347.22,152,146,147,224,209,101,97,126,150,212,14,12,7,13,1
Postcode,4555,2730,221,30,17221418.24,14567127.36,1002,650,856,55,310,1272,5041.875,640,644,347,770,1220,414,472,558,606,710,68,66,55,31,31
Postcode,4556,17962,1968,14,107826644.9,94491276.49,6214,4714,5425,637,6378,6742,30306.25,4813,2105,2422,6726,8686,3012,3480,3608,3806,4070,353,491,445,392,301
Postcode,4557,9030,653,8,48696658.68,49619259.85,4950,1080,2086,214,4152,2325,9830.245,1891,1175,2889,2333,3293,1876,2114,1913,1658,1477,102,151,141,131,136
Postcode,4558,10227,1938,13,48852287.59,127970296.1,5137,1388,3375,88,6879,2027,8612.42,1050,1990,2647,3532,4008,2649,2783,2156,1621,1031,311,410,448,435,347
Postcode,4559,2397,239,18,15663056.23,8797468.626,1017,488,705,54,228,1103,5320.757,597,806,342,561,944,359,376,462,578,640,83,53,51,36,34
Postcode,4560,14664,1418,53,76942804.01,81807584.32,6015,2843,4978,185,3502,5571,22444.4,1910,4043,2602,3607,5882,3145,3193,3057,2920,2402,450,301,279,226,215
Postcode,4561,3076,429,29,19130168.15,22603963,1572,573,812,54,357,1418,22102.646,611,601,506,865,1562,523,519,594,672,797,132,123,66,83,54
Postcode,4562,3351,248,22,24547627.83,4735300.722,1528,714,808,157,118,1503,7190.6,1166,487,592,1184,1357,416,437,579,757,1184,76,71,52,45,26
Postcode,4563,3969,367,14,23213577.07,13743853.52,1779,925,1031,95,511,1857,8263.1,922,715,866,1102,1667,842,692,776,817,856,79,102,77,71,52
Postcode,4564,4965,433,9,26395479.08,26262418.13,1773,1025,1862,138,2070,1664,6659.443,1242,367,652,1793,2595,926,1123,1114,1040,771,83,130,86,77,66
Postcode,4565,6737,364,15,36577895.46,14508712.02,2073,1863,2328,225,1253,2557,10643.39,1666,962,1606,2538,2010,1358,1354,1402,1405,1233,94,89,73,70,53
Postcode,4566,5637,1268,18,31813744.98,44666630.33,3104,776,1125,186,3660,1527,8238.55,1508,366,1013,2822,2721,1054,1359,1239,984,1019,315,355,276,183,157
Postcode,4567,8019,686,4,50633965.12,48853483.82,4104,1160,2258,224,3928,1507,7341.73,2334,1198,2753,2960,1798,1355,1655,1666,1631,1716,100,158,168,131,133
Postcode,4568,1546,145,4,9030140.218,3130176.363,576,398,492,34,58,703,3088.94,318,353,271,462,609,253,298,331,337,331,40,38,31,25,15
Postcode,4569,723,31,2,3641120.711,390697.2543,290,177,212,10,14,302,1261.79,105,116,167,212,261,165,149,154,144,113,11,8,5,5,4
Postcode,4570,16266,2419,93,88330922.55,223600577.9,6272,3474,5902,137,1638,6011,28637.605,1739,6200,3028,3421,6128,3329,3288,3410,3412,2920,689,547,516,437,323
Postcode,4571,381,50,5,1818223.29,664271.2702,221,58,97,4,1,150,661.22,43,136,106,94,100,114,78,69,73,52,29,8,8,6,4
Postcode,4572,2138,97,3,10276501.97,11259891.86,1383,190,479,22,1365,293,1346.57,353,740,560,512,426,652,521,393,294,281,11,13,26,18,32
Postcode,4573,13765,1099,5,70407938.33,40321202.71,7204,1989,3600,262,4684,3761,16348.23,2869,1307,2427,3461,7674,2998,3049,2935,2594,2194,272,293,220,163,156
Postcode,4574,616,160,15,3441570.776,6884312.044,320,109,199,4,29,202,969.98,54,361,101,152,176,159,123,106,122,121,49,35,26,32,33
Postcode,4575,10577,1484,2,61719514.51,136242314.5,3486,1774,4208,310,3448,4109,17394.285,2775,2103,3382,2265,4312,1968,2204,2120,2273,2014,307,281,318,326,254
Postcode,4580,2875,217,5,11054627.44,7105280.966,1157,605,998,16,360,1242,4655,265,248,414,794,1640,1069,725,555,331,200,81,50,31,31,29
Postcode,4581,1126,160,4,4946750.121,6296561.096,441,256,384,16,481,261,1191.215,171,125,266,442,457,396,283,174,158,119,42,42,28,19,33